title,description
Comedy Shorts,comedy funny jokes laugh entertainment
Stand Up Comedy,comedy standup jokes funny show
Funny Pranks,comedy prank funny public laugh
Meme Compilation,comedy meme funny jokes
Desi Comedy,comedy indian family funny scenes
Office Comedy,funny office comedy jokes scenes
Cartoon Comedy,animated comedy funny entertainment
Try Not To Laugh,funny challenge comedy laugh video

Python Basics,python coding tutorial beginner
Python Machine Learning,python ai machine learning tutorial
Flask Web Development,python flask backend tutorial
Deep Learning Tutorial,python tensorflow ai tutorial
Data Science Course,python pandas numpy data science tutorial
Python Projects,python mini projects coding practice
Django Tutorial,python django web development backend
Automation With Python,python automation scripting tutorial

Gaming Highlights,gaming battle royale gameplay
BGMI Gameplay,gaming bgmi kills gameplay
Free Fire Gameplay,gaming free fire headshot gameplay
Valorant Highlights,gaming valorant fps gameplay
PUBG Montage,gaming pubg sniper kills gameplay
Minecraft Survival,gaming minecraft building survival gameplay
GTA 5 Gameplay,gaming gta missions open world gameplay
FIFA Skills,gaming fifa football goals gameplay

Horror Trailer,horror scary ghost movie
The Conjuring Trailer,horror haunted ghost movie
Annabelle Trailer,horror doll scary movie
Insidious Trailer,horror dark spirit scary movie
The Nun Trailer,horror demonic ghost movie
IT Trailer,horror evil clown scary movie
Paranormal Activity,horror camera haunted house movie

Sad Songs,sad emotional breakup music
Love Songs,romantic music songs love playlist
Party Mix,dj dance remix songs music
LoFi Beats,relax chill study music beats
Punjabi Hits,punjabi songs dance music playlist
Bollywood Hits,bollywood latest romantic songs music
Workout Music,gym motivation energy songs music
Devotional Songs,bhakti spiritual devotional music

Spider Man Trailer,superhero marvel action movie
Avengers Trailer,superhero final battle action movie
Batman Trailer,dark knight action movie
John Wick Trailer,assassin action thriller movie
Fast And Furious,racing car action movie
Mission Impossible,spy action thriller movie
Thor Trailer,marvel superhero fantasy action movie
Doctor Strange,magic superhero action movie

Java Tutorial,java coding beginner tutorial
C Programming,c language coding tutorial beginner
JavaScript Basics,javascript frontend coding tutorial
React JS Tutorial,react components hooks tutorial
HTML CSS Course,website design html css tutorial
SQL Tutorial,database sql queries tutorial
Cyber Security,ethical hacking cyber security tutorial
Cloud Computing,aws azure cloud basics tutorial

Football Highlights,football goals sports highlights
Cricket Match Highlights,cricket sixes wickets sports
WWE Highlights,wrestling sports action highlights
Basketball Dunk,basketball nba sports highlights
Tennis Finals,tennis sports championship highlights

Motivational Speech,motivation success mindset speech
Study Tips,study productivity exam tips education
GK Quiz,general knowledge quiz learning
Math Tricks,math shortcut tricks education
Science Facts,science amazing facts learning

Travel Vlog,travel places adventure vlog
Food Review,street food restaurant review vlog
Tech Review,mobile laptop gadget review
Unboxing Video,new smartphone unboxing tech
Daily Vlog,lifestyle daily routine vlog